,Zip Code,City,County
0,32003,Orange Park,Clay
1,32004,Ponte Vedra Beach,Saint Johns
2,32006,Fleming Island,Clay
3,32007,Bostwick,Putnam
4,32008,Branford,Suwannee
5,32009,Bryceville,Nassau
6,32011,Callahan,Nassau
7,32013,Day,Lafayette
8,32024,Lake City,Columbia
9,32025,Lake City,Columbia
10,32026,Raiford,Union
11,32030,Doctors Inlet,Clay
12,32033,Elkton,Saint Johns
13,32034,Fernandina Beach,Nassau
14,32035,Fernandina Beach,Nassau
15,32038,Fort White,Columbia
16,32040,Glen Saint Mary,Baker
17,32041,Yulee,Nassau
18,32042,Graham,Bradford
19,32043,Green Cove Springs,Clay
20,32044,Hampton,Bradford
21,32046,Hilliard,Nassau
22,32050,Middleburg,Clay
23,32052,Jasper,Hamilton
24,32053,Jennings,Hamilton
25,32054,Lake Butler,Union
26,32055,Lake City,Columbia
27,32056,Lake City,Columbia
28,32058,Lawtey,Bradford
29,32059,Lee,Madison
30,32060,Live Oak,Suwannee
31,32061,Lulu,Columbia
32,32062,Mc Alpin,Suwannee
33,32063,Macclenny,Baker
34,32064,Live Oak,Suwannee
35,32065,Orange Park,Clay
36,32066,Mayo,Lafayette
37,32067,Orange Park,Clay
38,32068,Middleburg,Clay
39,32071,O Brien,Suwannee
40,32072,Olustee,Baker
41,32073,Orange Park,Clay
42,32079,Penney Farms,Clay
43,32080,Saint Augustine,Saint Johns
44,32081,Ponte Vedra,Saint Johns
45,32082,Ponte Vedra Beach,Saint Johns
46,32083,Raiford,Union
47,32084,Saint Augustine,Saint Johns
48,32085,Saint Augustine,Saint Johns
49,32086,Saint Augustine,Saint Johns
50,32087,Sanderson,Baker
51,32091,Starke,Bradford
52,32092,Saint Augustine,Saint Johns
53,32094,Wellborn,Suwannee
54,32095,Saint Augustine,Saint Johns
55,32096,White Springs,Hamilton
56,32097,Yulee,Nassau
57,32099,Jacksonville,Duval
58,32102,Astor,Lake
59,32105,Barberville,Volusia
60,32110,Bunnell,Flagler
61,32111,Candler,Marion
62,32112,Crescent City,Putnam
63,32113,Citra,Marion
64,32114,Daytona Beach,Volusia
65,32115,Daytona Beach,Volusia
66,32116,Daytona Beach,Volusia
67,32117,Daytona Beach,Volusia
68,32118,Daytona Beach,Volusia
69,32119,Daytona Beach,Volusia
70,32120,Daytona Beach,Volusia
71,32121,Daytona Beach,Volusia
72,32122,Daytona Beach,Volusia
73,32123,Port Orange,Volusia
74,32124,Daytona Beach,Volusia
75,32125,Daytona Beach,Volusia
76,32126,Daytona Beach,Volusia
77,32127,Port Orange,Volusia
78,32128,Port Orange,Volusia
79,32129,Port Orange,Volusia
80,32130,De Leon Springs,Volusia
81,32131,East Palatka,Putnam
82,32132,Edgewater,Volusia
83,32133,Eastlake Weir,Marion
84,32134,Fort Mc Coy,Marion
85,32135,Palm Coast,Flagler
86,32136,Flagler Beach,Flagler
87,32137,Palm Coast,Flagler
88,32138,Grandin,Putnam
89,32139,Georgetown,Putnam
90,32140,Florahome,Putnam
91,32141,Edgewater,Volusia
92,32142,Palm Coast,Flagler
93,32145,Hastings,Saint Johns
94,32147,Hollister,Putnam
95,32148,Interlachen,Putnam
96,32149,Edgar,Putnam
97,32157,Lake Como,Putnam
98,32158,Lady Lake,Lake
99,32159,Lady Lake,Lake
100,32160,Lake Geneva,Clay
101,32162,Lady Lake,Sumter
102,32164,Palm Coast,Flagler
103,32168,New Smyrna Beach,Volusia
104,32169,New Smyrna Beach,Volusia
105,32170,New Smyrna Beach,Volusia
106,32173,Ormond Beach,Volusia
107,32174,Ormond Beach,Volusia
108,32175,Ormond Beach,Volusia
109,32176,Ormond Beach,Volusia
110,32177,Palatka,Putnam
111,32178,Palatka,Putnam
112,32179,Ocklawaha,Marion
113,32180,Pierson,Volusia
114,32181,Pomona Park,Putnam
115,32182,Orange Springs,Marion
116,32183,Ocklawaha,Marion
117,32185,Putnam Hall,Putnam
118,32187,San Mateo,Putnam
119,32189,Satsuma,Putnam
120,32190,Seville,Volusia
121,32192,Sparr,Marion
122,32193,Welaka,Putnam
123,32195,Weirsdale,Marion
124,32198,Daytona Beach,Volusia
125,32201,Jacksonville,Duval
126,32202,Jacksonville,Duval
127,32203,Jacksonville,Duval
128,32204,Jacksonville,Duval
129,32205,Jacksonville,Duval
130,32206,Jacksonville,Duval
131,32207,Jacksonville,Duval
132,32208,Jacksonville,Duval
133,32209,Jacksonville,Duval
134,32210,Jacksonville,Duval
135,32211,Jacksonville,Duval
136,32212,Jacksonville,Duval
137,32214,Jacksonville,Duval
138,32215,Jacksonville,Duval
139,32216,Jacksonville,Duval
140,32217,Jacksonville,Duval
141,32218,Jacksonville,Duval
142,32219,Jacksonville,Duval
143,32220,Jacksonville,Duval
144,32221,Jacksonville,Duval
145,32222,Jacksonville,Duval
146,32223,Jacksonville,Duval
147,32224,Jacksonville,Duval
148,32225,Jacksonville,Duval
149,32226,Jacksonville,Duval
150,32227,Jacksonville,Duval
151,32228,Jacksonville,Duval
152,32229,Jacksonville,Duval
153,32230,Jacksonville,Duval
154,32231,Jacksonville,Duval
155,32232,Jacksonville,Duval
156,32233,Atlantic Beach,Duval
157,32234,Jacksonville,Duval
158,32235,Jacksonville,Duval
159,32236,Jacksonville,Duval
160,32237,Jacksonville,Duval
161,32238,Jacksonville,Duval
162,32239,Jacksonville,Duval
163,32240,Jacksonville Beach,Duval
164,32241,Jacksonville,Duval
165,32244,Jacksonville,Duval
166,32245,Jacksonville,Duval
167,32246,Jacksonville,Duval
168,32247,Jacksonville,Duval
169,32250,Jacksonville Beach,Duval
170,32254,Jacksonville,Duval
171,32255,Jacksonville,Duval
172,32256,Jacksonville,Duval
173,32257,Jacksonville,Duval
174,32258,Jacksonville,Duval
175,32259,Saint Johns,Saint Johns
176,32260,Jacksonville,Saint Johns
177,32266,Neptune Beach,Duval
178,32267,Jacksonville,Duval
179,32277,Jacksonville,Duval
180,32290,Jacksonville,Duval
181,32301,Tallahassee,Leon
182,32302,Tallahassee,Leon
183,32303,Tallahassee,Leon
184,32304,Tallahassee,Leon
185,32305,Tallahassee,Leon
186,32306,Tallahassee,Leon
187,32307,Tallahassee,Leon
188,32308,Tallahassee,Leon
189,32309,Tallahassee,Leon
190,32310,Tallahassee,Leon
191,32311,Tallahassee,Leon
192,32312,Tallahassee,Leon
193,32313,Tallahassee,Leon
194,32314,Tallahassee,Leon
195,32315,Tallahassee,Leon
196,32316,Tallahassee,Leon
197,32317,Tallahassee,Leon
198,32318,Tallahassee,Leon
199,32320,Apalachicola,Franklin
200,32321,Bristol,Liberty
201,32322,Carrabelle,Franklin
202,32323,Lanark Village,Franklin
203,32324,Chattahoochee,Gadsden
204,32326,Crawfordville,Wakulla
205,32327,Crawfordville,Wakulla
206,32328,Eastpoint,Franklin
207,32329,Apalachicola,Franklin
208,32330,Greensboro,Gadsden
209,32331,Greenville,Madison
210,32332,Gretna,Gadsden
211,32333,Havana,Gadsden
212,32334,Hosford,Liberty
213,32335,Sumatra,Liberty
214,32336,Lamont,Jefferson
215,32337,Lloyd,Jefferson
216,32340,Madison,Madison
217,32341,Madison,Madison
218,32343,Midway,Gadsden
219,32344,Monticello,Jefferson
220,32345,Monticello,Jefferson
221,32346,Panacea,Wakulla
222,32347,Perry,Taylor
223,32348,Perry,Taylor
224,32350,Pinetta,Madison
225,32351,Quincy,Gadsden
226,32352,Quincy,Gadsden
227,32353,Quincy,Gadsden
228,32355,Saint Marks,Wakulla
229,32356,Salem,Taylor
230,32357,Shady Grove,Taylor
231,32358,Sopchoppy,Wakulla
232,32359,Steinhatchee,Taylor
233,32360,Telogia,Liberty
234,32361,Wacissa,Jefferson
235,32362,Woodville,Leon
236,32395,Tallahassee,Leon
237,32399,Tallahassee,Leon
238,32401,Panama City,Bay
239,32402,Panama City,Bay
240,32403,Panama City,Bay
241,32404,Panama City,Bay
242,32405,Panama City,Bay
243,32406,Panama City,Bay
244,32407,Panama City Beach,Bay
245,32408,Panama City,Bay
246,32409,Panama City,Bay
247,32410,Mexico Beach,Bay
248,32411,Panama City,Bay
249,32412,Panama City,Bay
250,32413,Panama City Beach,Bay
251,32417,Panama City,Bay
252,32420,Alford,Jackson
253,32421,Altha,Calhoun
254,32422,Argyle,Walton
255,32423,Bascom,Jackson
256,32424,Blountstown,Calhoun
257,32425,Bonifay,Holmes
258,32426,Campbellton,Jackson
259,32427,Caryville,Washington
260,32428,Chipley,Washington
261,32430,Clarksville,Calhoun
262,32431,Cottondale,Jackson
263,32432,Cypress,Jackson
264,32433,Defuniak Springs,Walton
265,32434,Mossy Head,Walton
266,32435,Defuniak Springs,Walton
267,32437,Ebro,Washington
268,32438,Fountain,Bay
269,32439,Freeport,Walton
270,32440,Graceville,Jackson
271,32442,Grand Ridge,Jackson
272,32443,Greenwood,Jackson
273,32444,Lynn Haven,Bay
274,32445,Malone,Jackson
275,32446,Marianna,Jackson
276,32447,Marianna,Jackson
277,32448,Marianna,Jackson
278,32449,Wewahitchka,Calhoun
279,32452,Noma,Holmes
280,32454,Point Washington,Walton
281,32455,Ponce De Leon,Walton
282,32456,Port Saint Joe,Gulf
283,32457,Port Saint Joe,Gulf
284,32459,Santa Rosa Beach,Walton
285,32460,Sneads,Jackson
286,32461,Rosemary Beach,Walton
287,32462,Vernon,Washington
288,32463,Wausau,Washington
289,32464,Westville,Holmes
290,32465,Wewahitchka,Gulf
291,32466,Youngstown,Bay
292,32501,Pensacola,Escambia
293,32502,Pensacola,Escambia
294,32503,Pensacola,Escambia
295,32504,Pensacola,Escambia
296,32505,Pensacola,Escambia
297,32506,Pensacola,Escambia
298,32507,Pensacola,Escambia
299,32508,Pensacola,Escambia
300,32509,Pensacola,Escambia
301,32511,Pensacola,Escambia
302,32512,Pensacola,Escambia
303,32513,Pensacola,Escambia
304,32514,Pensacola,Escambia
305,32516,Pensacola,Escambia
306,32520,Pensacola,Escambia
307,32521,Pensacola,Escambia
308,32522,Pensacola,Escambia
309,32523,Pensacola,Escambia
310,32524,Pensacola,Escambia
311,32526,Pensacola,Escambia
312,32530,Bagdad,Santa Rosa
313,32531,Baker,Okaloosa
314,32533,Cantonment,Escambia
315,32534,Pensacola,Escambia
316,32535,Century,Escambia
317,32536,Crestview,Okaloosa
318,32537,Milligan,Okaloosa
319,32538,Paxton,Walton
320,32539,Crestview,Okaloosa
321,32540,Destin,Okaloosa
322,32541,Destin,Okaloosa
323,32542,Eglin Afb,Okaloosa
324,32544,Hurlburt Field,Okaloosa
325,32547,Fort Walton Beach,Okaloosa
326,32548,Fort Walton Beach,Okaloosa
327,32549,Fort Walton Beach,Okaloosa
328,32550,Miramar Beach,Walton
329,32559,Pensacola,Escambia
330,32560,Gonzalez,Escambia
331,32561,Gulf Breeze,Santa Rosa
332,32562,Gulf Breeze,Santa Rosa
333,32563,Gulf Breeze,Santa Rosa
334,32564,Holt,Okaloosa
335,32565,Jay,Santa Rosa
336,32566,Navarre,Santa Rosa
337,32567,Laurel Hill,Okaloosa
338,32568,Mc David,Escambia
339,32569,Mary Esther,Okaloosa
340,32570,Milton,Santa Rosa
341,32571,Milton,Santa Rosa
342,32572,Milton,Santa Rosa
343,32577,Molino,Escambia
344,32578,Niceville,Okaloosa
345,32579,Shalimar,Okaloosa
346,32580,Valparaiso,Okaloosa
347,32583,Milton,Santa Rosa
348,32588,Niceville,Okaloosa
349,32590,Pensacola,Escambia
350,32591,Pensacola,Escambia
351,32592,Pensacola,Escambia
352,32601,Gainesville,Alachua
353,32602,Gainesville,Alachua
354,32603,Gainesville,Alachua
355,32604,Gainesville,Alachua
356,32605,Gainesville,Alachua
357,32606,Gainesville,Alachua
358,32607,Gainesville,Alachua
359,32608,Gainesville,Alachua
360,32609,Gainesville,Alachua
361,32610,Gainesville,Alachua
362,32611,Gainesville,Alachua
363,32612,Gainesville,Alachua
364,32613,Gainesville,Alachua
365,32614,Gainesville,Alachua
366,32615,Alachua,Alachua
367,32616,Alachua,Alachua
368,32617,Anthony,Marion
369,32618,Archer,Alachua
370,32619,Bell,Gilchrist
371,32621,Bronson,Levy
372,32622,Brooker,Bradford
373,32625,Cedar Key,Levy
374,32626,Chiefland,Levy
375,32627,Gainesville,Alachua
376,32628,Cross City,Dixie
377,32631,Earleton,Alachua
378,32633,Evinston,Alachua
379,32634,Fairfield,Marion
380,32635,Gainesville,Alachua
381,32639,Gulf Hammock,Levy
382,32640,Hawthorne,Alachua
383,32641,Gainesville,Alachua
384,32643,High Springs,Alachua
385,32644,Chiefland,Levy
386,32648,Horseshoe Beach,Dixie
387,32653,Gainesville,Alachua
388,32654,Island Grove,Alachua
389,32655,High Springs,Alachua
390,32656,Keystone Heights,Clay
391,32658,La Crosse,Alachua
392,32662,Lochloosa,Alachua
393,32663,Lowell,Marion
394,32664,Mc Intosh,Marion
395,32666,Melrose,Putnam
396,32667,Micanopy,Alachua
397,32668,Morriston,Levy
398,32669,Newberry,Alachua
399,32680,Old Town,Dixie
400,32681,Orange Lake,Marion
401,32683,Otter Creek,Levy
402,32686,Reddick,Marion
403,32692,Suwannee,Dixie
404,32693,Trenton,Gilchrist
405,32694,Waldo,Alachua
406,32696,Williston,Levy
407,32697,Worthington Springs,Union
408,32701,Altamonte Springs,Seminole
409,32702,Altoona,Lake
410,32703,Apopka,Orange
411,32704,Apopka,Orange
412,32706,Cassadaga,Volusia
413,32707,Casselberry,Seminole
414,32708,Winter Springs,Seminole
415,32709,Christmas,Orange
416,32710,Clarcona,Orange
417,32712,Apopka,Orange
418,32713,Debary,Volusia
419,32714,Altamonte Springs,Seminole
420,32715,Altamonte Springs,Seminole
421,32716,Altamonte Springs,Seminole
422,32718,Casselberry,Seminole
423,32719,Winter Springs,Seminole
424,32720,Deland,Volusia
425,32721,Deland,Volusia
426,32722,Glenwood,Volusia
427,32723,Deland,Volusia
428,32724,Deland,Volusia
429,32725,Deltona,Volusia
430,32726,Eustis,Lake
431,32727,Eustis,Lake
432,32728,Deltona,Volusia
433,32730,Casselberry,Seminole
434,32732,Geneva,Seminole
435,32733,Goldenrod,Seminole
436,32735,Grand Island,Lake
437,32736,Eustis,Lake
438,32738,Deltona,Volusia
439,32739,Deltona,Volusia
440,32744,Lake Helen,Volusia
441,32745,Mid Florida,Seminole
442,32746,Lake Mary,Seminole
443,32747,Lake Monroe,Seminole
444,32750,Longwood,Seminole
445,32751,Maitland,Orange
446,32752,Longwood,Seminole
447,32753,Debary,Volusia
448,32754,Mims,Brevard
449,32756,Mount Dora,Lake
450,32757,Mount Dora,Lake
451,32759,Oak Hill,Volusia
452,32762,Oviedo,Seminole
453,32763,Orange City,Volusia
454,32764,Osteen,Volusia
455,32765,Oviedo,Seminole
456,32766,Oviedo,Seminole
457,32767,Paisley,Lake
458,32768,Plymouth,Orange
459,32771,Sanford,Seminole
460,32772,Sanford,Seminole
461,32773,Sanford,Seminole
462,32774,Orange City,Volusia
463,32775,Scottsmoor,Brevard
464,32776,Sorrento,Lake
465,32777,Tangerine,Orange
466,32778,Tavares,Lake
467,32779,Longwood,Seminole
468,32780,Titusville,Brevard
469,32781,Titusville,Brevard
470,32782,Titusville,Brevard
471,32783,Titusville,Brevard
472,32784,Umatilla,Lake
473,32789,Winter Park,Orange
474,32790,Winter Park,Orange
475,32791,Longwood,Seminole
476,32792,Winter Park,Orange
477,32793,Winter Park,Orange
478,32794,Maitland,Orange
479,32795,Lake Mary,Seminole
480,32796,Titusville,Brevard
481,32798,Zellwood,Orange
482,32799,Mid Florida,Seminole
483,32801,Orlando,Orange
484,32802,Orlando,Orange
485,32803,Orlando,Orange
486,32804,Orlando,Orange
487,32805,Orlando,Orange
488,32806,Orlando,Orange
489,32807,Orlando,Orange
490,32808,Orlando,Orange
491,32809,Orlando,Orange
492,32810,Orlando,Orange
493,32811,Orlando,Orange
494,32812,Orlando,Orange
495,32814,Orlando,Orange
496,32815,Orlando,Brevard
497,32816,Orlando,Orange
498,32817,Orlando,Orange
499,32818,Orlando,Orange
500,32819,Orlando,Orange
501,32820,Orlando,Orange
502,32821,Orlando,Orange
503,32822,Orlando,Orange
504,32824,Orlando,Orange
505,32825,Orlando,Orange
506,32826,Orlando,Orange
507,32827,Orlando,Orange
508,32828,Orlando,Orange
509,32829,Orlando,Orange
510,32830,Orlando,Orange
511,32831,Orlando,Orange
512,32832,Orlando,Orange
513,32833,Orlando,Orange
514,32834,Orlando,Orange
515,32835,Orlando,Orange
516,32836,Orlando,Orange
517,32837,Orlando,Orange
518,32839,Orlando,Orange
519,32853,Orlando,Orange
520,32854,Orlando,Orange
521,32855,Orlando,Orange
522,32856,Orlando,Orange
523,32857,Orlando,Orange
524,32858,Orlando,Orange
525,32859,Orlando,Orange
526,32860,Orlando,Orange
527,32861,Orlando,Orange
528,32862,Orlando,Orange
529,32867,Orlando,Orange
530,32868,Orlando,Orange
531,32869,Orlando,Orange
532,32872,Orlando,Orange
533,32877,Orlando,Orange
534,32878,Orlando,Orange
535,32885,Orlando,Orange
536,32886,Orlando,Orange
537,32887,Orlando,Orange
538,32890,Orlando,Orange
539,32891,Orlando,Orange
540,32893,Orlando,Orange
541,32896,Orlando,Orange
542,32897,Orlando,Orange
543,32898,Orlando,Orange
544,32899,Orlando,Brevard
545,32901,Melbourne,Brevard
546,32902,Melbourne,Brevard
547,32903,Indialantic,Brevard
548,32904,Melbourne,Brevard
549,32905,Palm Bay,Brevard
550,32906,Palm Bay,Brevard
551,32907,Palm Bay,Brevard
552,32908,Palm Bay,Brevard
553,32909,Palm Bay,Brevard
554,32910,Palm Bay,Brevard
555,32911,Palm Bay,Brevard
556,32912,Melbourne,Brevard
557,32919,Melbourne,Brevard
558,32920,Cape Canaveral,Brevard
559,32922,Cocoa,Brevard
560,32923,Cocoa,Brevard
561,32924,Cocoa,Brevard
562,32925,Patrick Afb,Brevard
563,32926,Cocoa,Brevard
564,32927,Cocoa,Brevard
565,32931,Cocoa Beach,Brevard
566,32932,Cocoa Beach,Brevard
567,32934,Melbourne,Brevard
568,32935,Melbourne,Brevard
569,32936,Melbourne,Brevard
570,32937,Satellite Beach,Brevard
571,32940,Melbourne,Brevard
572,32941,Melbourne,Brevard
573,32948,Fellsmere,Indian River
574,32949,Grant,Brevard
575,32950,Malabar,Brevard
576,32951,Melbourne Beach,Brevard
577,32952,Merritt Island,Brevard
578,32953,Merritt Island,Brevard
579,32954,Merritt Island,Brevard
580,32955,Rockledge,Brevard
581,32956,Rockledge,Brevard
582,32957,Roseland,Indian River
583,32958,Sebastian,Indian River
584,32959,Sharpes,Brevard
585,32960,Vero Beach,Indian River
586,32961,Vero Beach,Indian River
587,32962,Vero Beach,Indian River
588,32963,Vero Beach,Indian River
589,32964,Vero Beach,Indian River
590,32965,Vero Beach,Indian River
591,32966,Vero Beach,Indian River
592,32967,Vero Beach,Indian River
593,32968,Vero Beach,Indian River
594,32969,Vero Beach,Indian River
595,32970,Wabasso,Indian River
596,32971,Winter Beach,Indian River
597,32976,Sebastian,Brevard
598,32978,Sebastian,Indian River
599,33001,Long Key,Monroe
600,33002,Hialeah,Miami-dade
601,33004,Dania,Broward
602,33008,Hallandale,Broward
603,33009,Hallandale,Broward
604,33010,Hialeah,Miami-dade
605,33011,Hialeah,Miami-dade
606,33012,Hialeah,Miami-dade
607,33013,Hialeah,Miami-dade
608,33014,Hialeah,Miami-dade
609,33015,Hialeah,Miami-dade
610,33016,Hialeah,Miami-dade
611,33017,Hialeah,Miami-dade
612,33018,Hialeah,Miami-dade
613,33019,Hollywood,Broward
614,33020,Hollywood,Broward
615,33021,Hollywood,Broward
616,33022,Hollywood,Broward
617,33023,Hollywood,Broward
618,33024,Hollywood,Broward
619,33025,Hollywood,Broward
620,33026,Hollywood,Broward
621,33027,Hollywood,Broward
622,33028,Hollywood,Broward
623,33029,Hollywood,Broward
624,33030,Homestead,Miami-dade
625,33031,Homestead,Miami-dade
626,33032,Homestead,Miami-dade
627,33033,Homestead,Miami-dade
628,33034,Homestead,Miami-dade
629,33035,Homestead,Miami-dade
630,33036,Islamorada,Monroe
631,33037,Key Largo,Monroe
632,33039,Homestead,Miami-dade
633,33040,Key West,Monroe
634,33041,Key West,Monroe
635,33042,Summerland Key,Monroe
636,33043,Big Pine Key,Monroe
637,33045,Key West,Monroe
638,33050,Marathon,Monroe
639,33051,Key Colony Beach,Monroe
640,33052,Marathon Shores,Monroe
641,33054,Opa Locka,Miami-dade
642,33055,Opa Locka,Miami-dade
643,33056,Opa Locka,Miami-dade
644,33060,Pompano Beach,Broward
645,33061,Pompano Beach,Broward
646,33062,Pompano Beach,Broward
647,33063,Pompano Beach,Broward
648,33064,Pompano Beach,Broward
649,33065,Pompano Beach,Broward
650,33066,Pompano Beach,Broward
651,33067,Pompano Beach,Broward
652,33068,Pompano Beach,Broward
653,33069,Pompano Beach,Broward
654,33070,Tavernier,Monroe
655,33071,Pompano Beach,Broward
656,33072,Pompano Beach,Broward
657,33073,Pompano Beach,Broward
658,33074,Pompano Beach,Broward
659,33075,Pompano Beach,Broward
660,33076,Pompano Beach,Broward
661,33077,Pompano Beach,Broward
662,33081,Hollywood,Broward
663,33082,Pembroke Pines,Broward
664,33083,Hollywood,Broward
665,33084,Hollywood,Broward
666,33090,Homestead,Miami-dade
667,33092,Homestead,Miami-dade
669,33093,Pompano Beach,Broward
670,33097,Pompano Beach,Broward
671,33101,Miami,Miami-dade
672,33102,Miami,Miami-dade
673,33107,Miami,Miami-dade
674,33109,Miami Beach,Miami-dade
675,33110,Miami,Miami-dade
676,33111,Miami,Miami-dade
677,33112,Miami,Miami-dade
678,33114,Miami,Miami-dade
679,33116,Miami,Miami-dade
680,33119,Miami Beach,Miami-dade
681,33121,Miami,Miami-dade
682,33122,Miami,Miami-dade
683,33124,Miami,Miami-dade
684,33125,Miami,Miami-dade
685,33126,Miami,Miami-dade
686,33127,Miami,Miami-dade
687,33128,Miami,Miami-dade
688,33129,Miami,Miami-dade
689,33130,Miami,Miami-dade
690,33131,Miami,Miami-dade
691,33132,Miami,Miami-dade
692,33133,Miami,Miami-dade
693,33134,Miami,Miami-dade
694,33135,Miami,Miami-dade
695,33136,Miami,Miami-dade
696,33137,Miami,Miami-dade
697,33138,Miami,Miami-dade
698,33139,Miami Beach,Miami-dade
699,33140,Miami Beach,Miami-dade
700,33141,Miami Beach,Miami-dade
701,33142,Miami,Miami-dade
702,33143,Miami,Miami-dade
703,33144,Miami,Miami-dade
704,33145,Miami,Miami-dade
705,33146,Miami,Miami-dade
706,33147,Miami,Miami-dade
707,33148,Miami,Miami-dade
708,33149,Key Biscayne,Miami-dade
709,33150,Miami,Miami-dade
710,33151,Miami,Miami-dade
711,33152,Miami,Miami-dade
712,33153,Miami,Miami-dade
713,33154,Miami Beach,Miami-dade
714,33155,Miami,Miami-dade
715,33156,Miami,Miami-dade
716,33157,Miami,Miami-dade
717,33158,Miami,Miami-dade
718,33159,Miami,Miami-dade
719,33160,North Miami Beach,Miami-dade
720,33161,Miami,Miami-dade
721,33162,Miami,Miami-dade
722,33163,Miami,Miami-dade
723,33164,Miami,Miami-dade
724,33165,Miami,Miami-dade
725,33166,Miami,Miami-dade
726,33167,Miami,Miami-dade
727,33168,Miami,Miami-dade
728,33169,Miami,Miami-dade
729,33170,Miami,Miami-dade
730,33172,Miami,Miami-dade
731,33173,Miami,Miami-dade
732,33174,Miami,Miami-dade
733,33175,Miami,Miami-dade
734,33176,Miami,Miami-dade
735,33177,Miami,Miami-dade
736,33178,Miami,Miami-dade
737,33179,Miami,Miami-dade
738,33180,Miami,Miami-dade
739,33181,Miami,Miami-dade
740,33182,Miami,Miami-dade
741,33183,Miami,Miami-dade
742,33184,Miami,Miami-dade
743,33185,Miami,Miami-dade
744,33186,Miami,Miami-dade
745,33187,Miami,Miami-dade
746,33188,Miami,Miami-dade
747,33189,Miami,Miami-dade
748,33190,Miami,Miami-dade
749,33193,Miami,Miami-dade
750,33194,Miami,Miami-dade
751,33195,Miami,Miami-dade
752,33196,Miami,Miami-dade
753,33197,Miami,Miami-dade
754,33199,Miami,Miami-dade
755,33231,Miami,Miami-dade
756,33233,Miami,Miami-dade
757,33234,Miami,Miami-dade
758,33238,Miami,Miami-dade
759,33239,Miami Beach,Miami-dade
760,33242,Miami,Miami-dade
761,33243,Miami,Miami-dade
762,33245,Miami,Miami-dade
763,33247,Miami,Miami-dade
764,33255,Miami,Miami-dade
765,33256,Miami,Miami-dade
766,33257,Miami,Miami-dade
767,33261,Miami,Miami-dade
768,33265,Miami,Miami-dade
769,33266,Miami,Miami-dade
770,33269,Miami,Miami-dade
771,33280,Miami,Miami-dade
772,33283,Miami,Miami-dade
773,33296,Miami,Miami-dade
774,33299,Miami,Miami-dade
775,33301,Fort Lauderdale,Broward
776,33302,Fort Lauderdale,Broward
777,33303,Fort Lauderdale,Broward
778,33304,Fort Lauderdale,Broward
779,33305,Fort Lauderdale,Broward
780,33306,Fort Lauderdale,Broward
781,33307,Fort Lauderdale,Broward
782,33308,Fort Lauderdale,Broward
783,33309,Fort Lauderdale,Broward
784,33310,Fort Lauderdale,Broward
785,33311,Fort Lauderdale,Broward
786,33312,Fort Lauderdale,Broward
787,33313,Fort Lauderdale,Broward
788,33314,Fort Lauderdale,Broward
789,33315,Fort Lauderdale,Broward
790,33316,Fort Lauderdale,Broward
791,33317,Fort Lauderdale,Broward
792,33318,Fort Lauderdale,Broward
793,33319,Fort Lauderdale,Broward
794,33320,Fort Lauderdale,Broward
795,33321,Fort Lauderdale,Broward
796,33322,Fort Lauderdale,Broward
797,33323,Fort Lauderdale,Broward
798,33324,Fort Lauderdale,Broward
799,33325,Fort Lauderdale,Broward
800,33326,Fort Lauderdale,Broward
801,33327,Fort Lauderdale,Broward
802,33328,Fort Lauderdale,Broward
803,33329,Fort Lauderdale,Broward
804,33330,Fort Lauderdale,Broward
805,33331,Fort Lauderdale,Broward
806,33332,Fort Lauderdale,Broward
807,33334,Fort Lauderdale,Broward
808,33335,Fort Lauderdale,Broward
809,33336,Fort Lauderdale,Broward
810,33337,Fort Lauderdale,Broward
811,33338,Fort Lauderdale,Broward
812,33339,Fort Lauderdale,Broward
813,33340,Fort Lauderdale,Broward
814,33345,Fort Lauderdale,Broward
815,33346,Fort Lauderdale,Broward
816,33348,Fort Lauderdale,Broward
817,33349,Fort Lauderdale,Broward
818,33351,Fort Lauderdale,Broward
819,33355,Fort Lauderdale,Broward
820,33359,Fort Lauderdale,Broward
821,33388,Fort Lauderdale,Broward
822,33394,Fort Lauderdale,Broward
823,33401,West Palm Beach,Palm Beach
824,33402,West Palm Beach,Palm Beach
825,33403,West Palm Beach,Palm Beach
826,33404,West Palm Beach,Palm Beach
827,33405,West Palm Beach,Palm Beach
828,33406,West Palm Beach,Palm Beach
829,33407,West Palm Beach,Palm Beach
830,33408,North Palm Beach,Palm Beach
831,33409,West Palm Beach,Palm Beach
832,33410,Palm Beach Gardens,Palm Beach
833,33411,West Palm Beach,Palm Beach
834,33412,West Palm Beach,Palm Beach
835,33413,West Palm Beach,Palm Beach
836,33414,West Palm Beach,Palm Beach
837,33415,West Palm Beach,Palm Beach
838,33416,West Palm Beach,Palm Beach
839,33417,West Palm Beach,Palm Beach
840,33418,Palm Beach Gardens,Palm Beach
841,33419,West Palm Beach,Palm Beach
842,33420,West Palm Beach,Palm Beach
843,33421,West Palm Beach,Palm Beach
844,33422,West Palm Beach,Palm Beach
845,33424,Boynton Beach,Palm Beach
846,33425,Boynton Beach,Palm Beach
847,33426,Boynton Beach,Palm Beach
848,33427,Boca Raton,Palm Beach
849,33428,Boca Raton,Palm Beach
850,33429,Boca Raton,Palm Beach
851,33430,Belle Glade,Palm Beach
852,33431,Boca Raton,Palm Beach
853,33432,Boca Raton,Palm Beach
854,33433,Boca Raton,Palm Beach
855,33434,Boca Raton,Palm Beach
856,33435,Boynton Beach,Palm Beach
857,33436,Boynton Beach,Palm Beach
858,33437,Boynton Beach,Palm Beach
859,33438,Canal Point,Palm Beach
860,33439,Bryant,Palm Beach
861,33440,Clewiston,Hendry
862,33441,Deerfield Beach,Broward
863,33442,Deerfield Beach,Broward
864,33443,Deerfield Beach,Broward
865,33444,Delray Beach,Palm Beach
866,33445,Delray Beach,Palm Beach
867,33446,Delray Beach,Palm Beach
868,33447,Delray Beach,Palm Beach
869,33448,Delray Beach,Palm Beach
870,33454,Lake Worth,Palm Beach
871,33455,Hobe Sound,Martin
872,33458,Jupiter,Palm Beach
873,33459,Lake Harbor,Palm Beach
874,33460,Lake Worth,Palm Beach
875,33461,Lake Worth,Palm Beach
876,33462,Lake Worth,Palm Beach
877,33463,Lake Worth,Palm Beach
878,33464,Boca Raton,Palm Beach
879,33465,Lake Worth,Palm Beach
880,33466,Lake Worth,Palm Beach
881,33467,Lake Worth,Palm Beach
882,33468,Jupiter,Palm Beach
883,33469,Jupiter,Palm Beach
884,33470,Loxahatchee,Palm Beach
885,33471,Moore Haven,Glades
886,33474,Boynton Beach,Palm Beach
887,33475,Hobe Sound,Martin
888,33476,Pahokee,Palm Beach
889,33477,Jupiter,Palm Beach
890,33478,Jupiter,Palm Beach
891,33480,Palm Beach,Palm Beach
892,33481,Boca Raton,Palm Beach
893,33482,Delray Beach,Palm Beach
894,33483,Delray Beach,Palm Beach
895,33484,Delray Beach,Palm Beach
896,33486,Boca Raton,Palm Beach
897,33487,Boca Raton,Palm Beach
898,33488,Boca Raton,Palm Beach
899,33493,South Bay,Palm Beach
900,33496,Boca Raton,Palm Beach
901,33497,Boca Raton,Palm Beach
902,33498,Boca Raton,Palm Beach
903,33499,Boca Raton,Palm Beach
904,33503,Balm,Hillsborough
905,33508,Brandon,Hillsborough
906,33509,Brandon,Hillsborough
907,33510,Brandon,Hillsborough
908,33511,Brandon,Hillsborough
909,33513,Bushnell,Sumter
910,33514,Center Hill,Sumter
911,33521,Coleman,Sumter
912,33523,Dade City,Pasco
913,33524,Crystal Springs,Pasco
914,33525,Dade City,Pasco
915,33526,Dade City,Pasco
916,33527,Dover,Hillsborough
917,33530,Durant,Hillsborough
918,33534,Gibsonton,Hillsborough
919,33537,Lacoochee,Pasco
920,33538,Lake Panasoffkee,Sumter
921,33539,Zephyrhills,Pasco
922,33540,Zephyrhills,Pasco
923,33541,Zephyrhills,Pasco
924,33542,Zephyrhills,Pasco
925,33543,Wesley Chapel,Pasco
926,33544,Wesley Chapel,Pasco
927,33547,Lithia,Hillsborough
928,33548,Lutz,Hillsborough
929,33549,Lutz,Hillsborough
930,33550,Mango,Hillsborough
931,33556,Odessa,Hillsborough
932,33558,Lutz,Hillsborough
933,33559,Lutz,Hillsborough
934,33563,Plant City,Hillsborough
935,33564,Plant City,Hillsborough
936,33565,Plant City,Hillsborough
937,33566,Plant City,Hillsborough
938,33567,Plant City,Hillsborough
939,33568,Riverview,Hillsborough
940,33569,Riverview,Hillsborough
941,33570,Ruskin,Hillsborough
942,33571,Sun City Center,Hillsborough
943,33572,Apollo Beach,Hillsborough
944,33573,Sun City Center,Hillsborough
945,33574,Saint Leo,Pasco
946,33575,Ruskin,Hillsborough
947,33576,San Antonio,Pasco
948,33583,Seffner,Hillsborough
949,33584,Seffner,Hillsborough
950,33585,Sumterville,Sumter
951,33586,Sun City,Hillsborough
952,33587,Sydney,Hillsborough
953,33592,Thonotosassa,Hillsborough
954,33593,Trilby,Pasco
955,33594,Valrico,Hillsborough
956,33595,Valrico,Hillsborough
957,33597,Webster,Sumter
958,33598,Wimauma,Hillsborough
959,33601,Tampa,Hillsborough
960,33602,Tampa,Hillsborough
961,33603,Tampa,Hillsborough
962,33604,Tampa,Hillsborough
963,33605,Tampa,Hillsborough
964,33606,Tampa,Hillsborough
965,33607,Tampa,Hillsborough
966,33608,Tampa,Hillsborough
967,33609,Tampa,Hillsborough
968,33610,Tampa,Hillsborough
969,33611,Tampa,Hillsborough
970,33612,Tampa,Hillsborough
971,33613,Tampa,Hillsborough
972,33614,Tampa,Hillsborough
973,33615,Tampa,Hillsborough
974,33616,Tampa,Hillsborough
975,33617,Tampa,Hillsborough
976,33618,Tampa,Hillsborough
977,33619,Tampa,Hillsborough
978,33620,Tampa,Hillsborough
979,33621,Tampa,Hillsborough
980,33622,Tampa,Hillsborough
981,33623,Tampa,Hillsborough
982,33624,Tampa,Hillsborough
983,33625,Tampa,Hillsborough
984,33626,Tampa,Hillsborough
985,33629,Tampa,Hillsborough
986,33630,Tampa,Hillsborough
987,33631,Tampa,Hillsborough
988,33633,Tampa,Hillsborough
989,33634,Tampa,Hillsborough
990,33635,Tampa,Hillsborough
991,33637,Tampa,Hillsborough
992,33647,Tampa,Hillsborough
993,33650,Tampa,Hillsborough
994,33651,Tampa,Hillsborough
995,33655,Tampa,Hillsborough
996,33660,Tampa,Hillsborough
997,33661,Tampa,Hillsborough
998,33662,Tampa,Hillsborough
999,33663,Tampa,Hillsborough
1000,33664,Tampa,Hillsborough
1001,33672,Tampa,Hillsborough
1002,33673,Tampa,Hillsborough
1003,33674,Tampa,Hillsborough
1004,33675,Tampa,Hillsborough
1005,33677,Tampa,Hillsborough
1006,33679,Tampa,Hillsborough
1007,33680,Tampa,Hillsborough
1008,33681,Tampa,Hillsborough
1009,33682,Tampa,Hillsborough
1010,33684,Tampa,Hillsborough
1011,33685,Tampa,Hillsborough
1012,33686,Tampa,Hillsborough
1013,33687,Tampa,Hillsborough
1014,33688,Tampa,Hillsborough
1015,33689,Tampa,Hillsborough
1016,33690,Tampa,Hillsborough
1017,33694,Tampa,Hillsborough
1018,33697,Tampa,Hillsborough
1019,33701,Saint Petersburg,Pinellas
1020,33702,Saint Petersburg,Pinellas
1021,33703,Saint Petersburg,Pinellas
1022,33704,Saint Petersburg,Pinellas
1023,33705,Saint Petersburg,Pinellas
1024,33706,Saint Petersburg,Pinellas
1025,33707,Saint Petersburg,Pinellas
1026,33708,Saint Petersburg,Pinellas
1027,33709,Saint Petersburg,Pinellas
1028,33710,Saint Petersburg,Pinellas
1029,33711,Saint Petersburg,Pinellas
1030,33712,Saint Petersburg,Pinellas
1031,33713,Saint Petersburg,Pinellas
1032,33714,Saint Petersburg,Pinellas
1033,33715,Saint Petersburg,Pinellas
1034,33716,Saint Petersburg,Pinellas
1035,33729,Saint Petersburg,Pinellas
1036,33730,Saint Petersburg,Pinellas
1037,33731,Saint Petersburg,Pinellas
1038,33732,Saint Petersburg,Pinellas
1039,33733,Saint Petersburg,Pinellas
1040,33734,Saint Petersburg,Pinellas
1041,33736,Saint Petersburg,Pinellas
1042,33737,Saint Petersburg,Pinellas
1043,33738,Saint Petersburg,Pinellas
1044,33740,Saint Petersburg,Pinellas
1045,33741,Saint Petersburg,Pinellas
1046,33742,Saint Petersburg,Pinellas
1047,33743,Saint Petersburg,Pinellas
1048,33744,Bay Pines,Pinellas
1049,33747,Saint Petersburg,Pinellas
1050,33755,Clearwater,Pinellas
1051,33756,Clearwater,Pinellas
1052,33757,Clearwater,Pinellas
1053,33758,Clearwater,Pinellas
1054,33759,Clearwater,Pinellas
1055,33760,Clearwater,Pinellas
1056,33761,Clearwater,Pinellas
1057,33762,Clearwater,Pinellas
1058,33763,Clearwater,Pinellas
1059,33764,Clearwater,Pinellas
1060,33765,Clearwater,Pinellas
1061,33766,Clearwater,Pinellas
1062,33767,Clearwater Beach,Pinellas
1063,33769,Clearwater,Pinellas
1064,33770,Largo,Pinellas
1065,33771,Largo,Pinellas
1066,33772,Seminole,Pinellas
1067,33773,Largo,Pinellas
1068,33774,Largo,Pinellas
1069,33775,Seminole,Pinellas
1070,33776,Seminole,Pinellas
1071,33777,Seminole,Pinellas
1072,33778,Largo,Pinellas
1073,33779,Largo,Pinellas
1074,33780,Pinellas Park,Pinellas
1075,33781,Pinellas Park,Pinellas
1076,33782,Pinellas Park,Pinellas
1077,33784,Saint Petersburg,Pinellas
1078,33785,Indian Rocks Beach,Pinellas
1079,33786,Belleair Beach,Pinellas
1080,33801,Lakeland,Polk
1081,33802,Lakeland,Polk
1082,33803,Lakeland,Polk
1083,33804,Lakeland,Polk
1084,33805,Lakeland,Polk
1085,33806,Lakeland,Polk
1086,33807,Lakeland,Polk
1087,33809,Lakeland,Polk
1088,33810,Lakeland,Polk
1089,33811,Lakeland,Polk
1090,33812,Lakeland,Polk
1091,33813,Lakeland,Polk
1092,33815,Lakeland,Polk
1093,33820,Alturas,Polk
1094,33823,Auburndale,Polk
1095,33825,Avon Park,Highlands
1096,33826,Avon Park,Highlands
1097,33827,Babson Park,Polk
1098,33830,Bartow,Polk
1099,33831,Bartow,Polk
1100,33834,Bowling Green,Hardee
1101,33835,Bradley,Polk
1102,33836,Davenport,Polk
1103,33837,Davenport,Polk
1104,33838,Dundee,Polk
1105,33839,Eagle Lake,Polk
1106,33840,Eaton Park,Polk
1107,33841,Fort Meade,Polk
1108,33843,Frostproof,Polk
1109,33844,Haines City,Polk
1110,33845,Haines City,Polk
1111,33846,Highland City,Polk
1112,33847,Homeland,Polk
1113,33848,Intercession City,Osceola
1114,33849,Kathleen,Polk
1115,33850,Lake Alfred,Polk
1116,33851,Lake Hamilton,Polk
1117,33852,Lake Placid,Highlands
1118,33853,Lake Wales,Polk
1119,33854,Fedhaven,Polk
1120,33855,Indian Lake Estates,Polk
1121,33856,Nalcrest,Polk
1122,33857,Lorida,Highlands
1123,33858,Loughman,Polk
1124,33859,Lake Wales,Polk
1125,33860,Mulberry,Polk
1126,33862,Lake Placid,Highlands
1127,33863,Nichols,Polk
1128,33865,Ona,Hardee
1129,33867,River Ranch,Polk
1130,33868,Polk City,Polk
1131,33870,Sebring,Highlands
1132,33871,Sebring,Highlands
1133,33872,Sebring,Highlands
1134,33873,Wauchula,Hardee
1135,33875,Sebring,Highlands
1136,33876,Sebring,Highlands
1137,33877,Waverly,Polk
1138,33880,Winter Haven,Polk
1139,33881,Winter Haven,Polk
1140,33882,Winter Haven,Polk
1141,33883,Winter Haven,Polk
1142,33884,Winter Haven,Polk
1143,33885,Winter Haven,Polk
1144,33888,Winter Haven,Polk
1145,33890,Zolfo Springs,Hardee
1146,33896,Davenport,Polk
1147,33897,Davenport,Polk
1148,33898,Lake Wales,Polk
1149,33901,Fort Myers,Lee
1150,33902,Fort Myers,Lee
1151,33903,North Fort Myers,Lee
1152,33904,Cape Coral,Lee
1153,33905,Fort Myers,Lee
1154,33906,Fort Myers,Lee
1155,33907,Fort Myers,Lee
1156,33908,Fort Myers,Lee
1157,33909,Cape Coral,Lee
1158,33910,Cape Coral,Lee
1159,33911,Fort Myers,Lee
1160,33912,Fort Myers,Lee
1161,33913,Fort Myers,Lee
1162,33914,Cape Coral,Lee
1163,33915,Cape Coral,Lee
1164,33916,Fort Myers,Lee
1165,33917,North Fort Myers,Lee
1166,33918,North Fort Myers,Lee
1167,33919,Fort Myers,Lee
1168,33920,Alva,Lee
1169,33921,Boca Grande,Lee
1170,33922,Bokeelia,Lee
1171,33924,Captiva,Lee
1172,33927,El Jobean,Charlotte
1173,33928,Estero,Lee
1174,33930,Felda,Hendry
1175,33931,Fort Myers Beach,Lee
1176,33932,Fort Myers Beach,Lee
1177,33935,Labelle,Hendry
1178,33936,Lehigh Acres,Lee
1179,33938,Murdock,Charlotte
1180,33944,Palmdale,Glades
1181,33945,Pineland,Lee
1182,33946,Placida,Charlotte
1183,33947,Rotonda West,Charlotte
1184,33948,Port Charlotte,Charlotte
1185,33949,Port Charlotte,Charlotte
1186,33950,Punta Gorda,Charlotte
1187,33951,Punta Gorda,Charlotte
1188,33952,Port Charlotte,Charlotte
1189,33953,Port Charlotte,Charlotte
1190,33954,Port Charlotte,Charlotte
1191,33955,Punta Gorda,Charlotte
1192,33956,Saint James City,Lee
1193,33957,Sanibel,Lee
1194,33960,Venus,Highlands
1195,33965,Fort Myers,Lee
1196,33966,Fort Myers,Lee
1197,33967,Fort Myers,Lee
1198,33970,Lehigh Acres,Lee
1199,33971,Lehigh Acres,Lee
1200,33972,Lehigh Acres,Lee
1201,33975,Labelle,Hendry
1202,33980,Port Charlotte,Charlotte
1203,33981,Port Charlotte,Charlotte
1204,33982,Punta Gorda,Charlotte
1205,33983,Punta Gorda,Charlotte
1206,33990,Cape Coral,Lee
1207,33991,Cape Coral,Lee
1208,33993,Cape Coral,Lee
1209,33994,Fort Myers,Lee
1210,34101,Naples,Collier
1211,34102,Naples,Collier
1212,34103,Naples,Collier
1213,34104,Naples,Collier
1214,34105,Naples,Collier
1215,34106,Naples,Collier
1216,34107,Vanderbilt Beach,Collier
1217,34108,Naples,Collier
1218,34109,Naples,Collier
1219,34110,Naples,Collier
1220,34112,Naples,Collier
1221,34113,Naples,Collier
1222,34114,Naples,Collier
1223,34116,Naples,Collier
1224,34117,Naples,Collier
1225,34119,Naples,Collier
1226,34120,Naples,Collier
1227,34133,Bonita Springs,Lee
1228,34134,Bonita Springs,Lee
1229,34135,Bonita Springs,Lee
1230,34136,Bonita Springs,Lee
1231,34137,Copeland,Collier
1232,34138,Chokoloskee,Collier
1233,34139,Everglades City,Collier
1234,34140,Goodland,Collier
1235,34141,Ochopee,Miami-dade
1236,34142,Immokalee,Collier
1237,34143,Immokalee,Collier
1238,34145,Marco Island,Collier
1239,34146,Marco Island,Collier
1240,34201,Bradenton,Manatee
1241,34202,Bradenton,Manatee
1242,34203,Bradenton,Manatee
1243,34204,Bradenton,Manatee
1244,34205,Bradenton,Manatee
1245,34206,Bradenton,Manatee
1246,34207,Bradenton,Manatee
1247,34208,Bradenton,Manatee
1248,34209,Bradenton,Manatee
1249,34210,Bradenton,Manatee
1250,34211,Bradenton,Manatee
1251,34212,Bradenton,Manatee
1252,34215,Cortez,Manatee
1253,34216,Anna Maria,Manatee
1254,34217,Bradenton Beach,Manatee
1255,34218,Holmes Beach,Manatee
1256,34219,Parrish,Manatee
1257,34220,Palmetto,Manatee
1258,34221,Palmetto,Manatee
1259,34222,Ellenton,Manatee
1260,34223,Englewood,Sarasota
1261,34224,Englewood,Charlotte
1262,34228,Longboat Key,Manatee
1263,34229,Osprey,Sarasota
1264,34230,Sarasota,Sarasota
1265,34231,Sarasota,Sarasota
1266,34232,Sarasota,Sarasota
1267,34233,Sarasota,Sarasota
1268,34234,Sarasota,Sarasota
1269,34235,Sarasota,Sarasota
1270,34236,Sarasota,Sarasota
1271,34237,Sarasota,Sarasota
1272,34238,Sarasota,Sarasota
1273,34239,Sarasota,Sarasota
1274,34240,Sarasota,Sarasota
1275,34241,Sarasota,Sarasota
1276,34242,Sarasota,Sarasota
1277,34243,Sarasota,Manatee
1278,34250,Terra Ceia,Manatee
1279,34251,Myakka City,Manatee
1280,34260,Sarasota,Manatee
1281,34264,Oneco,Manatee
1282,34265,Arcadia,De Soto
1283,34266,Arcadia,De Soto
1284,34267,Fort Ogden,De Soto
1285,34268,Nocatee,De Soto
1286,34269,Arcadia,De Soto
1287,34270,Tallevast,Manatee
1288,34272,Laurel,Sarasota
1289,34274,Nokomis,Sarasota
1290,34275,Nokomis,Sarasota
1291,34276,Sarasota,Sarasota
1292,34277,Sarasota,Sarasota
1293,34278,Sarasota,Sarasota
1294,34280,Bradenton,Manatee
1295,34281,Bradenton,Manatee
1296,34282,Bradenton,Manatee
1297,34284,Venice,Sarasota
1298,34285,Venice,Sarasota
1299,34286,North Port,Sarasota
1300,34287,North Port,Sarasota
1301,34288,North Port,Sarasota
1302,34289,North Port,Sarasota
1303,34292,Venice,Sarasota
1304,34293,Venice,Sarasota
1305,34295,Englewood,Sarasota
1306,34420,Belleview,Marion
1307,34421,Belleview,Marion
1308,34423,Crystal River,Citrus
1309,34428,Crystal River,Citrus
1310,34429,Crystal River,Citrus
1311,34430,Dunnellon,Marion
1312,34431,Dunnellon,Marion
1313,34432,Dunnellon,Marion
1314,34433,Dunnellon,Citrus
1315,34434,Dunnellon,Citrus
1316,34436,Floral City,Citrus
1317,34442,Hernando,Citrus
1318,34445,Holder,Citrus
1319,34446,Homosassa,Citrus
1320,34447,Homosassa Springs,Citrus
1321,34448,Homosassa,Citrus
1322,34449,Inglis,Levy
1323,34450,Inverness,Citrus
1324,34451,Inverness,Citrus
1325,34452,Inverness,Citrus
1326,34453,Inverness,Citrus
1327,34460,Lecanto,Citrus
1328,34461,Lecanto,Citrus
1329,34464,Beverly Hills,Citrus
1330,34465,Beverly Hills,Citrus
1331,34470,Ocala,Marion
1332,34471,Ocala,Marion
1333,34472,Ocala,Marion
1334,34473,Ocala,Marion
1335,34474,Ocala,Marion
1336,34475,Ocala,Marion
1337,34476,Ocala,Marion
1338,34477,Ocala,Marion
1339,34478,Ocala,Marion
1340,34479,Ocala,Marion
1341,34480,Ocala,Marion
1342,34481,Ocala,Marion
1343,34482,Ocala,Marion
1344,34483,Ocala,Marion
1345,34484,Oxford,Sumter
1346,34487,Homosassa,Citrus
1347,34488,Silver Springs,Marion
1348,34489,Silver Springs,Marion
1349,34491,Summerfield,Marion
1350,34492,Summerfield,Marion
1351,34498,Yankeetown,Levy
1352,34601,Brooksville,Hernando
1353,34602,Brooksville,Hernando
1354,34603,Brooksville,Hernando
1355,34604,Brooksville,Hernando
1356,34605,Brooksville,Hernando
1357,34606,Spring Hill,Hernando
1358,34607,Spring Hill,Hernando
1359,34608,Spring Hill,Hernando
1360,34609,Spring Hill,Hernando
1361,34610,Spring Hill,Pasco
1362,34611,Spring Hill,Hernando
1363,34613,Brooksville,Hernando
1364,34614,Brooksville,Hernando
1365,34636,Istachatta,Hernando
1366,34637,Land O Lakes,Pasco
1367,34638,Land O Lakes,Pasco
1368,34639,Land O Lakes,Pasco
1369,34652,New Port Richey,Pasco
1370,34653,New Port Richey,Pasco
1371,34654,New Port Richey,Pasco
1372,34655,New Port Richey,Pasco
1373,34656,New Port Richey,Pasco
1374,34660,Ozona,Pinellas
1375,34661,Nobleton,Hernando
1376,34667,Hudson,Pasco
1377,34668,Port Richey,Pasco
1378,34669,Hudson,Pasco
1379,34673,Port Richey,Pasco
1380,34674,Hudson,Pasco
1381,34677,Oldsmar,Pinellas
1382,34679,Aripeka,Pasco
1383,34680,Elfers,Pasco
1384,34681,Crystal Beach,Pinellas
1385,34682,Palm Harbor,Pinellas
1386,34683,Palm Harbor,Pinellas
1387,34684,Palm Harbor,Pinellas
1388,34685,Palm Harbor,Pinellas
1389,34688,Tarpon Springs,Pinellas
1390,34689,Tarpon Springs,Pinellas
1391,34690,Holiday,Pasco
1392,34691,Holiday,Pasco
1393,34692,Holiday,Pasco
1394,34695,Safety Harbor,Pinellas
1395,34697,Dunedin,Pinellas
1396,34698,Dunedin,Pinellas
1397,34705,Astatula,Lake
1398,34711,Clermont,Lake
1399,34712,Clermont,Lake
1400,34713,Clermont,Lake
1401,34714,Clermont,Lake
1402,34715,Clermont,Lake
1403,34729,Ferndale,Lake
1404,34731,Fruitland Park,Lake
1405,34734,Gotha,Orange
1406,34736,Groveland,Lake
1407,34737,Howey In The Hills,Lake
1408,34739,Kenansville,Osceola
1409,34740,Killarney,Orange
1410,34741,Kissimmee,Osceola
1411,34742,Kissimmee,Osceola
1412,34743,Kissimmee,Osceola
1413,34744,Kissimmee,Osceola
1414,34745,Kissimmee,Osceola
1415,34746,Kissimmee,Osceola
1416,34747,Kissimmee,Osceola
1417,34748,Leesburg,Lake
1418,34749,Leesburg,Lake
1419,34753,Mascotte,Lake
1420,34755,Minneola,Lake
1421,34756,Montverde,Lake
1422,34758,Kissimmee,Osceola
1423,34759,Kissimmee,Polk
1424,34760,Oakland,Orange
1425,34761,Ocoee,Orange
1426,34762,Okahumpka,Lake
1427,34769,Saint Cloud,Osceola
1428,34770,Saint Cloud,Osceola
1429,34771,Saint Cloud,Osceola
1430,34772,Saint Cloud,Osceola
1431,34773,Saint Cloud,Osceola
1432,34777,Winter Garden,Orange
1433,34778,Winter Garden,Orange
1434,34785,Wildwood,Sumter
1435,34786,Windermere,Orange
1436,34787,Winter Garden,Orange
1437,34788,Leesburg,Lake
1438,34789,Leesburg,Lake
1439,34797,Yalaha,Lake
1440,34945,Fort Pierce,Saint Lucie
1441,34946,Fort Pierce,Saint Lucie
1442,34947,Fort Pierce,Saint Lucie
1443,34948,Fort Pierce,Saint Lucie
1444,34949,Fort Pierce,Saint Lucie
1445,34950,Fort Pierce,Saint Lucie
1446,34951,Fort Pierce,Saint Lucie
1447,34952,Port Saint Lucie,Saint Lucie
1448,34953,Port Saint Lucie,Saint Lucie
1449,34954,Fort Pierce,Saint Lucie
1450,34956,Indiantown,Martin
1451,34957,Jensen Beach,Martin
1452,34958,Jensen Beach,Martin
1453,34972,Okeechobee,Okeechobee
1454,34973,Okeechobee,Okeechobee
1455,34974,Okeechobee,Okeechobee
1456,34979,Fort Pierce,Saint Lucie
1457,34981,Fort Pierce,Saint Lucie
1458,34982,Fort Pierce,Saint Lucie
1459,34983,Port Saint Lucie,Saint Lucie
1460,34984,Port Saint Lucie,Saint Lucie
1461,34985,Port Saint Lucie,Saint Lucie
1462,34986,Port Saint Lucie,Saint Lucie
1463,34987,Port Saint Lucie,Saint Lucie
1464,34988,Port Saint Lucie,Saint Lucie
1465,34990,Palm City,Martin
1466,34991,Palm City,Martin
1467,34992,Port Salerno,Martin
1468,34994,Stuart,Martin
1469,34995,Stuart,Martin
1470,34996,Stuart,Martin
1471,34997,Stuart,Martin
